{
    "epoch": [
        0,
        0,
        0,
        0,
        0,
        0,
        0,
        0,
        0,
        0,
        0,
        0
    ],
    "batch": [
        10,
        20,
        30,
        40,
        50,
        60,
        70,
        80,
        90,
        100,
        110,
        120
    ],
    "loss": [
        4.612649250030517,
        4.597913050651551,
        4.57497304280599,
        4.549333393573761,
        4.521331233978271,
        4.4919689734776815,
        4.462239973885673,
        4.4308649122715,
        4.402262173758613,
        4.373499512672424,
        4.346290174397555,
        4.321388059854508
    ],
    "imgs_per_sec": [
        474.38195303443734,
        854.516748496636,
        1175.3642049478603,
        1450.1894768858297,
        1682.1924469759504,
        1874.9043097430113,
        2021.2124973989255,
        2181.4592209281905,
        2318.1289501445976,
        2441.81749652253,
        2552.3040339600725,
        2656.026378655156
    ],
    "progress": [
        7.04,
        13.44,
        19.84,
        26.24,
        32.64,
        39.04,
        45.44,
        51.84,
        58.24,
        64.64,
        71.04,
        77.44
    ],
    "elapsed": [
        2.6982476711273193,
        2.995845317840576,
        3.2670724391937256,
        3.5305731296539307,
        3.804558753967285,
        4.0962090492248535,
        4.432982683181763,
        4.694105625152588,
        4.969525098800659,
        5.241997003555298,
        5.516584157943726,
        5.7830750942230225
    ],
    "train_acc": [
        1.25,
        1.640625,
        2.0833333333333335,
        2.3828125,
        2.75,
        3.0338541666666665,
        3.3370535714285716,
        3.642578125,
        4.019097222222222,
        4.296875,
        4.573863636363637,
        4.850260416666667
    ],
    "lr": [
        0.010000000000000002,
        0.010000000000000002,
        0.010000000000000002,
        0.010000000000000002,
        0.010000000000000002,
        0.010000000000000002,
        0.010000000000000002,
        0.010000000000000002,
        0.010000000000000002,
        0.010000000000000002,
        0.010000000000000002,
        0.010000000000000002
    ]
}