{
    "epoch": [
        0,
        0,
        0,
        0,
        0,
        0,
        0,
        0,
        0,
        0,
        0,
        0,
        0,
        0,
        0,
        0,
        1,
        1,
        1,
        1,
        1,
        1,
        1
    ],
    "batch": [
        10,
        20,
        30,
        40,
        50,
        60,
        70,
        80,
        90,
        100,
        110,
        120,
        130,
        140,
        150,
        157,
        10,
        20,
        30,
        40,
        50,
        60,
        70
    ],
    "loss": [
        4.6136681079864506,
        4.601205468177795,
        4.592445993423462,
        4.575974035263061,
        4.551795492172241,
        4.5247505823771155,
        4.491140161241804,
        4.462318336963653,
        4.435107305314806,
        4.407445497512818,
        4.382026605172591,
        4.35779169400533,
        4.331364805881794,
        4.307085483414786,
        4.285927189191183,
        4.271271516799927,
        3.9790239095687867,
        3.951077961921692,
        3.9433284600575766,
        3.9301690340042112,
        3.9148821449279785,
        3.9073985536893208,
        3.8907994679042273
    ],
    "imgs_per_sec": [
        134.19523016966207,
        168.9408027234393,
        177.80879016073595,
        184.01110083373558,
        196.49851348451784,
        202.40423515888588,
        206.12743580311127,
        210.29550881363758,
        210.09179410020835,
        215.5690335237967,
        221.80655590523642,
        222.71314282800955,
        225.60604004887904,
        229.7610502953176,
        231.37141967159417,
        58.197628162928446,
        9.193065873990243,
        17.717731957668043,
        25.823972222771197,
        33.52179272085033,
        40.68334339453811,
        47.40557426072388,
        54.00422701138176
    ],
    "progress": [
        7.04,
        13.44,
        19.84,
        26.24,
        32.64,
        39.04,
        45.44,
        51.84,
        58.24,
        64.64,
        71.04,
        77.44,
        83.84,
        90.24,
        96.64,
        25.28,
        7.04,
        13.44,
        19.84,
        26.24,
        32.64,
        39.04,
        45.44
    ],
    "elapsed": [
        9.538341999053955,
        15.153236865997314,
        21.596232652664185,
        27.824408292770386,
        32.570220947265625,
        37.943870067596436,
        43.468255281448364,
        48.69338417053223,
        54.83317446708679,
        59.37773060798645,
        63.478736877441406,
        68.96764063835144,
        73.75689053535461,
        77.99407243728638,
        82.98345589637756,
        86.32654213905334,
        139.2353777885437,
        144.48801946640015,
        148.69904470443726,
        152.73646140098572,
        157.31253790855408,
        162.0062644481659,
        165.91293859481812
    ],
    "train_acc": [
        1.640625,
        1.5234375,
        1.5885416666666667,
        1.9140625,
        2.609375,
        2.9817708333333335,
        3.28125,
        3.61328125,
        3.8628472222222223,
        4.1796875,
        4.3678977272727275,
        4.674479166666667,
        4.921875,
        5.161830357142857,
        5.338541666666667,
        5.54,
        7.65625,
        8.0859375,
        8.59375,
        8.984375,
        9.125,
        9.270833333333334,
        9.363839285714286
    ],
    "lr": [
        0.010000000000000002,
        0.010000000000000002,
        0.010000000000000002,
        0.010000000000000002,
        0.010000000000000002,
        0.010000000000000002,
        0.010000000000000002,
        0.010000000000000002,
        0.010000000000000002,
        0.010000000000000002,
        0.010000000000000002,
        0.010000000000000002,
        0.010000000000000002,
        0.010000000000000002,
        0.010000000000000002,
        0.010000000000000002,
        0.020000000000000004,
        0.020000000000000004,
        0.020000000000000004,
        0.020000000000000004,
        0.020000000000000004,
        0.020000000000000004,
        0.020000000000000004
    ],
    "epoch_loss": [
        4.271271516799927
    ],
    "epoch_time": [
        134.283207654953
    ],
    "epoch_world_size": [
        2
    ],
    "epoch_train_acc": [
        11.19
    ],
    "epoch_val_acc": [
        10.7
    ],
    "epoch_lr": [
        0.010000000000000002
    ]
}